country,lat,lon,mean_err_km
"Antarctica",-77.16987521415838,-177.56451613408842,14617.2
"Timor-Leste",-8.809894630601962,125.95024049562659,6175.7
"Réunion",-21.119825460665105,55.54393506194689,5508.3
"Canada",57.550480044655636,-98.41680517868062,5468.3
"Greenland",74.16847218965994,-42.07567788066985,5248.0
"Kiribati",1.8676673749241066,-157.39024189323504,4604.9
"French Southern Territories",-49.26329687105643,69.54686984724839,4297.3
"United States",38.8208089190304,-96.33161660829639,4283.2
"Saint Pierre and Miquelon",46.95153913615198,-56.32465353437558,4247.4
"Chile",-37.82938283049967,-70.76863431739216,4042.0
"Pitcairn",-24.366121747565458,-128.3149848627581,4036.5
"Palau",7.534775852547396,134.57965086721052,3948.7
"Seychelles",-4.660002318822744,55.47250789595527,3881.3
"Argentina",-35.697270518120085,-64.53238503843076,3855.1
"French Polynesia",-17.674684080120677,-149.40041671099763,3795.7
"New Zealand",-43.82765432544426,170.69035541428696,3780.3
"Glorioso Islands",-11.566224871643417,47.290948081543384,3695.6
"Uruguay",-32.78195043831093,-56.01919523458085,3681.9
"Mauritius",-20.28142317475198,57.56415671066546,3570.9
"Svalbard",78.57318936469626,16.036378851505283,3551.3
"Saint Helena",-15.962963318340398,-5.717391620813109,3443.9
"Japan",36.76738832597829,137.46934234351835,3331.3
"Mexico",23.87436068093592,-101.55399731630118,3314.7
"American Samoa",-14.305711987770538,-170.7007316174498,3223.0
"Morocco",28.687598134979325,-8.817212587250811,3203.0
"United States Minor Outlying Islands",19.302045812215958,166.63800339749642,3142.5
"Mauritania",20.466731212820022,-10.495079045035716,3086.9
"Brazil",-11.524630416426652,-54.355206608256424,3060.4
"Brunei Darussalam",4.543205889917609,114.6430958360464,3013.7
"Gambia",13.428617959189328,-15.383380385869662,2973.8
"Russian Federation",59.039434214106194,98.6704990698032,2971.3
"Costa Rica",9.863467407406214,-84.14673625701816,2969.8
"US Virgin Islands",17.738009708772523,-64.76155341409797,2944.2
"British Indian Ocean Territory",-7.323548444385743,72.43501618476016,2890.0
"Madagascar",-19.04163612493041,46.68493466832544,2763.2
"Canarias",28.297665106525546,-16.53799441021647,2729.1
"Cabo Verde",15.076411518651643,-23.63401005900474,2714.9
"Australia",-25.697337673983082,134.02277170916162,2714.9
"Bouvet Island",-54.42316679395248,3.411969465057627,2687.0
"Lesotho",-29.60168116924817,28.24475317864227,2631.0
"Cuba",21.476176522869448,-79.69817857618705,2562.5
"Cambodia",12.699186865507775,105.03973078680701,2561.0
"French Guiana",3.857429742497078,-53.32232307156624,2528.9
"Paraguay",-23.42190559259428,-58.38906357428651,2507.2
"Mayotte",-12.824468416301052,45.128142327031064,2500.0
"Bangladesh",23.673728665121,90.43212562608613,2419.4
"Guam",13.445430479945276,144.78024458298802,2416.3
"Haiti",18.883520486983567,-72.89291379842,2318.8
"Martinique",14.642697353597645,-61.01432380875083,2301.9
"Belize",17.24252476647155,-88.68273510023441,2299.7
"Northern Mariana Islands",15.178063516432115,145.74119737203134,2290.4
"Guadeloupe",16.24420002705553,-61.54382262282755,2266.3
"Singapore",1.3528251890006349,103.81025757634053,2252.4
"El Salvador",13.758041517055418,-88.85911489238985,2215.2
"Cook Islands",-21.222613253399842,-159.78768870952257,2207.3
"Philippines",15.586542251094242,121.82208941416745,2174.0
"Laos",18.117282736873282,103.76375899026448,2158.1
"Equatorial Guinea",1.5954643936590733,10.425456672353823,2089.1
"Panama",8.439536749576892,-80.14428761482796,2071.3
"North Korea",40.19198091470839,127.3379805653744,2071.0
"Guatemala",15.820878515352684,-90.31219349119617,2068.5
"Namibia",-21.90858163281473,18.16451345845268,2000.2
"Puerto Rico",18.216224086610914,-66.49425339593509,1993.7
"Eswatini",-26.562540935608702,31.510685746082007,1922.9
"Cayman Islands",19.311231805620288,-81.25203208977878,1913.5
"South Africa",-28.55361930679731,24.75252746489084,1912.0
"Tokelau",-9.195174767256544,-171.85265950722743,1906.3
"Falkland Islands",-51.75901312766726,-58.746646363799854,1896.6
"Bhutan",27.42163933959824,90.46716647173861,1877.6
"Iceland",65.12360920205514,-19.05682967106099,1866.6
"Burundi",-3.261251993278643,29.88518227845293,1832.1
"Botswana",-22.236609002062902,23.85779956995608,1813.2
"South Korea",36.402386712544114,127.76224551357649,1795.3
"Vietnam",16.517347170839393,105.91338832758704,1758.4
"Ethiopia",8.729389557048396,39.914902886544276,1744.6
"Zimbabwe",-18.92700121981475,29.717829640720844,1715.8
"Jamaica",18.12207889341651,-77.30358894542778,1679.8
"Mozambique",-17.525230309488748,35.208577031290176,1677.8
"Comoros",-11.658861474508491,43.34826587429403,1677.2
"Togo",8.660743037717811,0.8990857571109684,1670.3
"Myanmar",19.901227931399873,97.08892285397344,1651.5
"Bonaire",12.180844982440338,-68.29350445958761,1650.2
"Marshall Islands",7.307929900994344,168.72016025351076,1638.0
"Malawi",-13.128986464184024,34.23441182298881,1627.5
"Maldives",-0.6065577168009924,73.10076245140479,1606.6
"Guinea",10.255986541378112,-10.986948848040218,1600.4
"Angola",-12.167424062667942,17.651768783079,1592.3
"Norfolk Island",-29.037654445046282,167.95259597483337,1588.6
"Suriname",4.098723595920171,-55.855514311561286,1580.1
"Guinea-Bissau",11.980075324820504,-14.980186756910847,1576.1
"Papua New Guinea",-7.156912819152135,144.8348942994695,1557.7
"Ghana",7.94530467243628,-1.219233362526581,1538.5
"Bahamas",24.72162633646784,-78.07275370060313,1535.4
"Thailand",13.66222784745538,101.08675116214552,1518.5
"Aruba",12.515625722992898,-69.97564014284046,1515.1
"Senegal",14.228861491763402,-14.610875368352305,1513.8
"Portugal",39.67529214702138,-7.933662183874006,1494.6
"Burkina Faso",12.108709036312737,-1.6932816211842325,1479.9
"Mongolia",47.08644454604851,103.3987360327455,1476.2
"Honduras",14.740370695750006,-86.49251679006962,1442.1
"Malaysia",3.6716608556387857,114.63330303992869,1427.1
"Nauru",-0.5221021440668993,166.92937633139178,1415.1
"Bolivia",-16.7312488393574,-64.45209597511206,1413.9
"Fiji",-17.822470952336204,177.98144613732626,1403.1
"Bermuda",32.315067430740726,-64.7458500599169,1401.7
"Wallis and Futuna",-14.283442307826677,-178.12735555777184,1382.7
"Tonga",-21.15927212823853,-175.20415878511247,1367.7
"Saint Barthelemy",17.90561691241738,-62.83051610005156,1367.4
"Sao Tome and Principe",0.22744704294793774,6.606158796857607,1363.1
"South Georgia and South Sandwich Islands",-54.37666443862139,-36.77509575898928,1357.9
"Vanuatu",-15.189132121699332,166.84912735669738,1354.4
"Turks and Caicos Islands",21.799865427483745,-71.74058946811508,1333.6
"Nigeria",9.61029352034213,8.147714845256194,1300.1
"Netherlands",52.134054128923886,5.554136426128487,1249.3
"Mali",17.168146208584837,-4.346399841781153,1243.3
"Spain",40.365008336683836,-3.6516251409956983,1231.8
"Kyrgyzstan",41.35698905438358,74.17532903468319,1230.4
"Malta",35.890522650899314,14.441922442508494,1221.4
"Guyana",4.68211981385056,-58.91352612754667,1213.8
"Sri Lanka",7.696630939329944,80.66931169770622,1188.5
"Central African Republic",6.331390033944319,20.520743419397256,1184.6
"Solomon Islands",-9.613104734596515,160.16475795033884,1153.1
"Cocos Islands",-12.171249450199545,96.83688767323002,1145.9
"Liberia",6.52012979398834,-9.258988935497618,1145.1
"Trinidad and Tobago",10.415515638298093,-61.37236579976247,1104.5
"Saint Eustatius",17.4919042294197,-62.978230589445026,1097.2
"Samoa",-13.634252953274622,-172.44107655740137,1069.8
"Congo",-0.7294391595233845,14.879732849491393,1045.6
"Curacao",12.199996647939832,-68.96939768599042,1044.5
"Saint Martin",18.078012113224464,-63.06678525361946,1044.2
"Ecuador",-1.5642721388853116,-78.4630326109714,1031.7
"Nicaragua",12.893566631930554,-85.016088327669,1024.0
"Anguilla",18.222874004219086,-63.06008343771806,1011.5
"China",38.07325481105728,104.69113855849604,1004.0
"Cyprus",35.11700416345239,33.375346009199205,984.9
"Israel",31.513542220043195,35.027923472437024,983.7
"Kazakhstan",47.641465195176835,66.3759193479301,977.9
"Kenya",0.6899182318376179,37.95309411262371,975.8
"Nepal",28.300920699755657,84.1338898313567,973.6
"Tunisia",34.08636179565723,9.65587551697984,945.5
"Heard Island and McDonald Islands",-53.084170035513736,73.49298560844045,942.0
"Cameroon",6.294168487480992,12.948474142398263,934.8
"Sweden",62.73420986108448,17.062431988004956,925.8
"Guernsey",49.45870771378872,-2.576392582891568,923.8
"Yemen",16.001392616307445,47.46815793206386,922.5
"Greece",39.42012261727978,23.110368936161876,915.1
"New Caledonia",-21.33003372660827,165.50767040438612,902.1
"Niger",17.08105392407292,8.86863247002646,898.4
"Peru",-8.522717984240291,-74.11416196781884,887.0
"Germany",51.08304539800482,10.426171427430804,884.0
"Ireland",53.30489539816495,-8.241128545554096,875.9
"United Kingdom",53.97844735080214,-2.852943909329258,871.9
"Switzerland",46.73678128684938,8.286928794895285,865.0
"Rwanda",-2.014687460047154,29.919439681764082,852.8
"Côte d'Ivoire",7.536779279421307,-5.571710194917734,847.7
"Denmark",56.00118817971057,9.378670542409406,847.0
"Faroe Islands",62.130896281495346,-6.9811060913122835,844.6
"Luxembourg",49.77523454542369,6.103230338458876,841.4
"Saudi Arabia",24.136038144757897,44.600958178225596,825.3
"San Marino",43.942820729097896,12.461278349581722,817.6
"Indonesia",0.15591979959037652,113.96538246847302,812.2
"Djibouti",11.750235727618804,42.613496898789506,797.1
"Micronesia",6.8789448129255435,158.2291899444527,797.0
"Finland",65.01578959749911,25.65738433454702,796.3
"Turkey",38.93207363123396,35.56886764076691,795.8
"Eritrea",15.005533147667684,39.2672401449901,795.3
"Chad",15.283493546654503,18.427113900363025,792.0
"Latvia",56.813853047554154,24.693671325654403,779.3
"Pakistan",30.116188371410882,69.08835090769651,773.4
"Albania",41.14165894891656,20.061082767269493,718.9
"Congo DRC",-3.338629596207896,23.419827574282188,716.6
"Dominican Republic",18.77954818522993,-70.43495198520012,714.6
"Tajikistan",38.56933138382972,70.94215281065698,704.8
"Antigua and Barbuda",17.07146759372967,-61.78530823226373,703.0
"Algeria",28.350969744889056,2.6558464719769135,701.9
"Somalia",6.524534573103924,45.40037867243972,700.4
"Iran",32.906023742890056,54.237077001065444,699.3
"Ukraine",48.657532515563794,31.27377208442636,696.9
"Sudan",15.67060230984256,29.951458283594064,692.8
"Isle of Man",54.22855301008011,-4.532995055468449,681.5
"Belgium",50.6182138854095,4.675010154696485,666.9
"Uganda",1.2821729218416205,32.34371768463123,660.4
"Libya",27.202915771690794,17.91133392454237,659.2
"Kuwait",29.281360965443092,47.56311109320184,646.9
"Christmas Island",-10.446440802183416,105.70209512200549,633.7
"Grenada",12.112926656338907,-61.67937937204098,631.1
"South Sudan",7.657782041763295,30.3851856901788,628.7
"Tanzania",-6.355794440041147,34.81832206060381,627.9
"Romania",45.82454894397586,25.094158201563292,608.2
"Barbados",13.183219369337529,-59.557383949150285,607.2
"Norway",64.97775882947745,16.670259272390894,596.3
"Afghanistan",34.13402601376932,66.59216131095278,592.6
"Egypt",26.60517034450628,30.240135435012338,578.2
"Venezuela",7.148324760507107,-66.36492135985132,566.7
"British Virgin Islands",18.42195819619707,-64.62406519257699,563.0
"Saint Vincent and the Grenadines",13.254808122970651,-61.193766354393034,559.3
"Italy",42.98201127614267,12.763657166123137,535.7
"Sint Maarten",18.03942608463078,-63.06883135915303,523.4
"Syria",35.09751106058316,38.5117323139514,518.5
"Dominica",15.429269860940513,-61.360471946942994,507.2
"Juan De Nova Island",-17.06449193630804,42.74374761089645,487.2
"Georgia",42.17986277737226,43.378866534112234,481.1
"Saba",17.632512616389718,-63.23739481909494,473.1
"Sierra Leone",8.561330384750587,-11.78656695731115,451.0
"Tuvalu",-8.514701506447222,179.217833977593,450.6
"Montserrat",16.735363391460357,-62.18693281256255,441.5
"Bulgaria",42.82043677302438,25.251739122561908,440.3
"France",46.6423682169416,2.1940236627886227,433.6
"Austria",47.631858269895794,13.797778364631036,426.3
"Uzbekistan",41.4879065244633,63.8548297593985,426.2
"Armenia",40.17841274230679,45.05490831965259,414.9
"Iraq",33.105075667527906,43.832529181056884,411.6
"Lithuania",55.29437393417175,23.946021605013534,405.8
"Gibraltar",36.14022671336082,-5.345549484594358,395.6
"Monaco",43.74798224995656,7.412820873271196,390.6
"Qatar",25.318528486425386,51.19794918743203,386.5
"Palestinian Territory",31.930818736453883,35.24251184154588,379.9
"Vatican City",41.90402351316735,12.451312917026133,362.3
"Colombia",4.187753877352739,-72.6445066243485,355.2
"Niue",-19.05230921680393,-169.86878106699083,353.1
"Montenegro",42.73694835210454,19.29505087156758,344.9
"Saint Lucia",13.895749185129906,-60.9689510935251,342.0
"Croatia",44.91192100856702,16.625761129583374,308.4
"North Macedonia",41.59402890143112,21.70998923872772,308.1
"Hungary",47.22527332486294,19.39620048366142,298.9
"Bahrain",26.04798501537066,50.540695402276775,292.4
"Belarus",53.46791374543163,27.964252054715104,284.6
"Azerbaijan",40.3920509942049,48.634592670644324,281.4
"Estonia",58.648108311231034,25.916870250633806,276.3
"Moldova",47.0725674580696,28.391111865941348,275.5
"Oman",20.7242833183209,55.841088119829,271.0
"Saint Kitts and Nevis",17.314736299587768,-62.74560385895787,253.9
"Czech Republic",49.74917370930982,15.383273292023533,248.6
"Andorra",42.54859834854764,1.5802243611232873,246.4
"Poland",52.06848055692473,19.43573279234468,240.1
"Zambia",-13.162832953186246,27.75521363430896,237.6
"Liechtenstein",47.14627562133036,9.547674672376376,231.1
"Jersey",49.215396925724306,-2.1291601162653575,218.8
"Slovenia",46.13759229564504,14.890636899973781,214.8
"Benin",9.503013199615893,2.305714528830206,194.0
"Slovakia",48.69808390520484,19.581015362490966,187.6
"United Arab Emirates",24.18250292309135,54.27920525789581,182.6
"Bosnia and Herzegovina",44.14415356126429,17.83467240787538,177.8
"Gabon",-0.628448459921234,11.839410898545754,170.1
"Serbia",44.02679870131969,20.85677444395745,167.7
"India",23.586300567746722,81.17300408530181,145.4
"Lebanon",33.91160170722086,35.89651946324749,143.7
"Turkmenistan",39.06069118001429,58.4577357627054,59.7
"Jordan",31.387064884449156,36.95728884547246,44.9
